--Sample Data
--Closet Data
INSERT INTO CLOSET (NO, CLOSETSIZE) VALUES ('0000000001','Small');/
INSERT INTO CLOSET (NO, CLOSETSIZE) VALUES ('0000000002','Small');/
INSERT INTO CLOSET (NO, CLOSETSIZE) VALUES ('0000000003','Small');/
INSERT INTO CLOSET (NO, CLOSETSIZE) VALUES ('0000000004','Small');/
INSERT INTO CLOSET (NO, CLOSETSIZE) VALUES ('0000000005','Middle');/
INSERT INTO CLOSET (NO, CLOSETSIZE) VALUES ('0000000006','Middle');/
INSERT INTO CLOSET (NO, CLOSETSIZE) VALUES ('0000000007','Middle');/
INSERT INTO CLOSET (NO, CLOSETSIZE) VALUES ('0000000008','Middle');/
INSERT INTO CLOSET (NO, CLOSETSIZE) VALUES ('0000000009','Large');/
INSERT INTO CLOSET (NO, CLOSETSIZE) VALUES ('0000000010','Large');/
INSERT INTO CLOSET (NO, CLOSETSIZE) VALUES ('0000000011','Large');/
INSERT INTO CLOSET (NO, CLOSETSIZE) VALUES ('0000000012','Large');/
--Customer Data
INSERT INTO CUSTOMER (PHONE, FNAME, MINIT, LNAME, GENDER, AGE, HEIGHT, WEIGHT, CLOSETNO)
  VALUES ('4695621000','San','M','Zhang','M',25,5.10,180,'0000000001');/
INSERT INTO CUSTOMER (PHONE, FNAME, MINIT, LNAME, GENDER, AGE, HEIGHT, WEIGHT, CLOSETNO)
  VALUES ('4695622000','Si','M','Li','M',26,6.3,170,'0000000006');/
INSERT INTO CUSTOMER (PHONE, FNAME, MINIT, LNAME, GENDER, AGE, HEIGHT, WEIGHT, CLOSETNO)
  VALUES ('4695623000','Wu','M','Wang','F',30,4.10,130,'0000000010');/
INSERT INTO CUSTOMER (PHONE, FNAME, MINIT, LNAME, GENDER, AGE, HEIGHT, WEIGHT, CLOSETNO)
  VALUES ('4695624000','John','M','Keats','M',55,5.6,150,'0000000011');
--MemberCard Data
INSERT INTO MEMBERCARD (CARDNO, PHONE, VALIDATIONDATE, EXPIRATIONDATE)
  VALUES ('1000000001','4695621000','30-MAR-16','30-MAR-17');/
INSERT INTO MEMBERCARD (CARDNO, PHONE, VALIDATIONDATE, EXPIRATIONDATE)
  VALUES ('1000000002','4695623000','01-OCT-15','01-OCT-16');/
--FitnessProgram Data
INSERT INTO FITNESSPROGRAM (PROGRAMID, NAME, DESCRIPTION, PRICE)
  VALUES (1,'Jogging','Jogging is good for life.',100.0);/
INSERT INTO FITNESSPROGRAM (PROGRAMID, NAME, DESCRIPTION, PRICE)
  VALUES (2,'Insanity','Fight for life.',120.0);/
INSERT INTO FITNESSPROGRAM (PROGRAMID, NAME, DESCRIPTION, PRICE)
  VALUES (3,'Music Cycling','Cycling is good for life.',80.0);/
INSERT INTO FITNESSPROGRAM (PROGRAMID, NAME, DESCRIPTION, PRICE)
  VALUES (4,'Power','Strength is good for life.',130.0);/
INSERT INTO FITNESSPROGRAM (PROGRAMID, NAME, DESCRIPTION, PRICE)
  VALUES (5,'T25','HIIT is good for life.',110.0);/
--AerobicInformation Data
INSERT INTO AEROBICINFORMATION (AEROBICTYPE, AEROBICINFORMATION)
  VALUES ('Jogging','Jogging is a form of trotting or running at a slow or leisurely pace.');/
INSERT INTO AEROBICINFORMATION (AEROBICTYPE, AEROBICINFORMATION)
  VALUES ('Cycling','Cycling, also called bicycling or biking, is the use of bicycles for transport, recreation, exercise or sport.');/
--AerobicProgram Data
INSERT INTO AEROBICPROGRAM (PROGRAMID, INTENSITY, MINIMALTIME, AEROBICTYPE)
  VALUES (1,'Low',30,'Jogging');/
INSERT INTO AEROBICPROGRAM (PROGRAMID, INTENSITY, MINIMALTIME, AEROBICTYPE)
  VALUES (3,'Middle',20,'Cycling');/
--StrengthProgram Data
INSERT INTO STRENGTHPROGRAM (PROGRAMID, STRENGTHLEVEL) VALUES (4,'Expert');/
--HIITProgram Data
INSERT INTO HIITPROGRAM (PROGRAMID, INTENSITY, DURATION)
  VALUES (2,'High',60);/
INSERT INTO HIITPROGRAM (PROGRAMID, INTENSITY, DURATION)
  VALUES (5,'Middle',40);/
--Staff Data
INSERT INTO STAFF (SSN, FNAME, MINIT, LNAME, PHONE, SALARY, ADDRESS)
  VALUES ('200000001','Jon','M','Steward','4695624000',6000,'900 Civic Center Dr, Richardson, TX 75080');/
INSERT INTO STAFF (SSN, FNAME, MINIT, LNAME, PHONE, SALARY, ADDRESS)
  VALUES ('200000002','Trevor','M','Noah','4695625000',7000,'800 West Campbell Road, Richardson, TX 75080');/
INSERT INTO STAFF (SSN, FNAME, MINIT, LNAME, PHONE, SALARY, ADDRESS)
  VALUES ('200000003','Steven','M','Colbert','4695626000',8000,'6400 Frankford Rd, Dallas, TX 75252');/
--Maintainer Data
INSERT INTO MAINTAINER (SSN) VALUES ('200000003');/
--Trainer Data
INSERT INTO TRAINER (SSN, LICENSEID, TRAINERID, NO_OF_YEARS)
  VALUES ('200000001','6000000001',1,16);/
INSERT INTO TRAINER (SSN, LICENSEID, TRAINERID, NO_OF_YEARS)
  VALUES ('200000002','6000000002',2,1);/
--Vendor Data
INSERT INTO VENDOR (NAME, VENDORNAME, MODEL, PRICE)
  VALUES ('Treadmill','Decathlon','TR0001',210);/
INSERT INTO VENDOR (NAME, VENDORNAME, MODEL, PRICE)
  VALUES ('Treadmill','Decathlon','TR0002',310);/
INSERT INTO VENDOR (NAME, VENDORNAME, MODEL, PRICE)
  VALUES ('Cycle Trainer','Decathlon','CL0004',110);/
INSERT INTO VENDOR (NAME, VENDORNAME, MODEL, PRICE)
  VALUES ('Cycle Trainer','Nordic','CT0001',150);/
--Equipment Data
INSERT INTO EQUIPMENT (EQUIPID, VENDOR, MODEL, STATUS, RESPONSIBLEMAINTAINER)
  VALUES ('E000000001','Decathlon','TR0001','In Use','200000003');/
INSERT INTO EQUIPMENT (EQUIPID, VENDOR, MODEL, STATUS, RESPONSIBLEMAINTAINER)
  VALUES ('E000000002','Decathlon','TR0001','Idle','200000003');/
INSERT INTO EQUIPMENT (EQUIPID, VENDOR, MODEL, STATUS, RESPONSIBLEMAINTAINER)
  VALUES ('E000000003','Decathlon','TR0002','In Use','200000003');/
INSERT INTO EQUIPMENT (EQUIPID, VENDOR, MODEL, STATUS, RESPONSIBLEMAINTAINER)
  VALUES ('E000000004','Decathlon','CL0004','In Use','200000003');/
INSERT INTO EQUIPMENT (EQUIPID, VENDOR, MODEL, STATUS, RESPONSIBLEMAINTAINER)
  VALUES ('E000000005','Nordic','CT0001','In Use','200000003');/
--Contract Data
INSERT INTO CONTRACT (CONTRACTNO, PROGRAMNO, CUSTOMERPHONE, TRAINERID, SIGNUPDATE, PRICE, DISCOUNT)
  VALUES ('0000000001',1,'4695621000',1,'30-MAR-16',100,1);/
INSERT INTO CONTRACT (CONTRACTNO, PROGRAMNO, CUSTOMERPHONE, TRAINERID, SIGNUPDATE, PRICE, DISCOUNT)
  VALUES ('0000000002',4,'4695623000',2,'01-OCT-15',130,1);/
--TrainerEligibility Data
INSERT INTO TRAINERELIGIBILITY (PROGRAMID, TRAINERID) VALUES (1,1);/
INSERT INTO TRAINERELIGIBILITY (PROGRAMID, TRAINERID) VALUES (3,1);/
INSERT INTO TRAINERELIGIBILITY (PROGRAMID, TRAINERID) VALUES (1,2);/
INSERT INTO TRAINERELIGIBILITY (PROGRAMID, TRAINERID) VALUES (2,2);/
INSERT INTO TRAINERELIGIBILITY (PROGRAMID, TRAINERID) VALUES (3,2);/
INSERT INTO TRAINERELIGIBILITY (PROGRAMID, TRAINERID) VALUES (4,2);/
INSERT INTO TRAINERELIGIBILITY (PROGRAMID, TRAINERID) VALUES (5,2);/
--ExerciseSession Data
INSERT INTO EXERCISESESSION (SESSIONID, PROGRAMID, CUSTOMERPHONE, DURATION, ESTCALORIES, AVGHR, MAXHR, SDATE)
  VALUES ('000000000000001',1,'4695621000',60,900,160,180,SYSDATE);/
INSERT INTO EXERCISESESSION (SESSIONID, PROGRAMID, CUSTOMERPHONE, DURATION, ESTCALORIES, AVGHR, MAXHR, SDATE)
  VALUES ('000000000000002',1,'4695621000',60,900,160,180,SYSDATE-2000);/
INSERT INTO EXERCISESESSION (SESSIONID, PROGRAMID, CUSTOMERPHONE, DURATION, ESTCALORIES, AVGHR, MAXHR, SDATE)
  VALUES ('000000000000003',1,'4695622000',60,900,160,180,SYSDATE-500);/
INSERT INTO EXERCISESESSION (SESSIONID, PROGRAMID, CUSTOMERPHONE, DURATION, ESTCALORIES, AVGHR, MAXHR, SDATE)
  VALUES ('000000000000004',1,'4695622000',60,900,160,180,SYSDATE-1000);/
